Name,Team,Grade,Paid,Email,Phone,NickName,DateLeft,DateJoined
Archie Clark,8,B,,,,,,
Ben Wright,12,A,,,,,,
Bill Brumback,11,A,,,,,,
Bill Weil,1,A,,,,,,
Brad Pierce,3,B,,,,,,
Brad Wilson,3,A,,,,,,
Dan Hollman,5,B,,,,,,
Dan Nolastname,,S,,,,,,
Dave McDonald,7,A,,,,,,20170425
Dave Vocke,12,B,,,,,,
Dick Booth,,S,,,,,,
Ed Lubrecht,,S,,,,,,
Gary Scudder,9,A,,gary_scudder@yahoo.com,859-496-0664,,,
Greg Lemker,9,B,,glemker@fuse.net,859-620-0465,,,
Howard Gorman,10,B,,gmanhoward@yahoo.com,859-609-4967,,,
Jeff Behrens,7,A,,,,,20170425,
Jerry Arrasmith,6,A,,,,,,
Jerry Smith,4,B,,,,,,
John Bain,,S,,,,,,
John Huening,2,B,,,,,,
Keith Nolastname,,S,,,,,,
Larry Blessing,2,A,,,,,,
Larry Ryder,,S,,,,,,
Mike Arthur,,S,,,,,,
Paul Kessen,,S,,,,,,
Ralph Nolastname,,S,,,,,,
Rick Smith,4,A,,,,,,20170808
Roger Hogan,4,A,,,,,20170808,
Rork Williams,5,A,,,,,,
Sam Dinn,6,B,,scdinn@yahoo.com,859-750-1200,,,
Scott Scudder,,S,,,,,,
Sonny Dehner,11,B,,,,,,
Terry Kesselring,1,B,,,,,,
Tim Behrens,7,B,,,,,,
Tiny Scheper,,S,,,,,,
Todd Nolastname,,S,,,,,,
Tom Jenning,10,A,,,,,,
Tony Smith,,S,,,,,,
Wayne Meyer,,S,,,,,,
Will Huenefeld,8,A,,,,,,
